update_time,file_name
2023-02-19 18:22:05,HRK.csv
2023-02-19 18:24:13,hrk.csv
2023-02-19 18:26:16,Backpink.csv
2023-02-19 18:27:02,Blackpink.csv
2023-02-19 18:27:25,Lisa.csv
2023-02-19 18:31:02,Tesla.csv
2023-02-19 20:03:16,Disney.csv
2023-02-19 20:06:58,Netflix.csv
2023-03-18 20:02:31,COVID.csv
2023-03-18 20:02:59,covid.csv
2023-03-21 22:08:32,eversoul.csv
2023-03-20 21:32:57,ยุบสภา.csv
2023-03-20 22:10:07,BTS.csv
2023-03-20 22:35:53,UFO.csv
2023-03-21 00:17:47,NASA.csv
2023-03-21 00:25:29,MUFC.csv
2023-03-21 16:00:35,Liverpool.csv
2023-03-21 16:06:17,Twice.csv
2023-03-21 16:14:00,momo.csv
2023-03-21 23:19:14,Among US.csv
2023-03-22 00:12:21,JISOO.csv
2023-03-22 00:17:05,sololeveling.csv
