time,places,tweet
time,places,tweet
time,places,tweet
time,places,tweet
time,places,tweet
time,places,tweet
time,places,tweet
time,places,tweet
time,places,tweet
time,places,tweet
time,places,tweet
time,places,tweet
time,places,tweet
time,places,tweet
time,places,tweet
time,places,tweet
time,places,tweet
time,places,tweet
time,places,tweet
time,places,tweet
time,places,tweet
time,places,tweet
time,places,tweet
time,places,tweet
time,places,tweet
time,places,tweet
time,places,tweet
time,places,tweet
time,places,tweet
time,places,tweet
time,places,tweet
time,places,tweet
time,places,tweet
time,places,tweet
time,places,tweet
time,places,tweet
time,places,tweet
time,places,tweet
time,places,tweet
time,places,tweet
time,places,tweet
time,places,tweet
time,places,tweet
time,places,tweet
time,places,tweet
time,places,tweet
time,places,tweet
time,places,tweet
time,places,tweet
time,places,tweet
time,places,tweet
time,places,tweet
time,places,tweet
time,places,tweet
time,places,tweet
time,places,tweet
time,places,tweet
time,places,tweet
time,places,tweet
time,places,tweet
time,places,tweet
time,places,tweet
time,places,tweet
time,places,tweet
time,places,tweet
time,places,tweet
time,places,tweet
time,places,tweet
time,places,tweet
time,places,tweet
time,places,tweet
time,places,tweet
time,places,tweet
time,places,tweet
time,places,tweet
time,places,tweet
time,places,tweet
time,places,tweet
time,places,tweet
time,places,tweet
time,places,tweet
time,places,tweet
time,places,tweet
time,places,tweet
time,places,tweet
time,places,tweet
time,places,tweet
time,places,tweet
time,places,tweet
time,places,tweet
time,places,tweet
time,places,tweet
time,places,tweet
time,places,tweet
time,places,tweet
time,places,tweet
